<?xml version="1.0" encoding="UTF-8"?>
<project-private xmlns="http://www.netbeans.org/ns/project-private/1">
    <editor-bookmarks xmlns="http://www.netbeans.org/ns/editor-bookmarks/2" lastBookmarkId="0"/>
    <open-files xmlns="http://www.netbeans.org/ns/projectui-open-files/2">
        <group>
            <file>file:/C:/Users/LENOVO/Desktop/LAB211_TrongLPHE160310/J1.S.P0070_TrongLP/src/Account.java</file>
            <file>file:/C:/Users/LENOVO/Desktop/LAB211_TrongLPHE160310/J1.S.P0070_TrongLP/src/Main.java</file>
            <file>file:/C:/Users/LENOVO/Desktop/LAB211_TrongLPHE160310/J1.S.P0070_TrongLP/src/Controller.java</file>
            <file>file:/C:/Users/LENOVO/Desktop/LAB211_TrongLPHE160310/J1.S.P0070_TrongLP/src/View.java</file>
        </group>
    </open-files>
</project-private>
